{"loss": [3.624718427658081, 3.355184555053711, 3.156954288482666, 3.0095956325531006, 2.89516019821167, 2.7949917316436768, 2.721874713897705, 2.648366689682007, 2.5976572036743164, 2.549722909927368, 2.5085134506225586, 2.4634523391723633, 2.4245331287384033, 2.3985421657562256, 2.3583669662475586, 2.3398799896240234, 2.309314012527466, 2.2815206050872803, 2.269169807434082, 2.2300312519073486, 2.2208962440490723, 2.1893506050109863, 2.167325973510742, 2.148818254470825, 2.123832941055298, 2.1101596355438232, 2.086839199066162, 2.064582109451294, 2.0346336364746094, 2.028191089630127, 1.993257999420166, 1.976382851600647, 1.9542067050933838, 1.929679036140442, 1.9206856489181519, 1.8946582078933716, 1.8709673881530762, 1.843772530555725, 1.8311526775360107, 1.799857258796692, 1.789442777633667, 1.7669600248336792, 1.7422341108322144, 1.7398089170455933, 1.7033922672271729, 1.696740746498108, 1.6689958572387695, 1.6532410383224487, 1.6365833282470703, 1.6191633939743042, 1.606245756149292, 1.5921390056610107, 1.571149468421936, 1.5503004789352417, 1.547703504562378, 1.5151567459106445, 1.5101310014724731, 1.490544319152832, 1.477530837059021, 1.4714350700378418, 1.4546633958816528, 1.4388096332550049, 1.4186760187149048, 1.4160354137420654, 1.387935757637024, 1.3899511098861694, 1.3698530197143555, 1.3564990758895874, 1.3581184148788452, 1.3307414054870605, 1.3306034803390503, 1.3063474893569946, 1.3018916845321655, 1.2853881120681763, 1.2799122333526611, 1.268425464630127, 1.2613143920898438, 1.2453937530517578, 1.2311631441116333, 1.2340387105941772, 1.2036387920379639, 1.2078973054885864, 1.189359188079834, 1.1844028234481812, 1.179123878479004, 1.1667333841323853, 1.1566444635391235, 1.1399680376052856, 1.1423883438110352, 1.1160374879837036, 1.1237757205963135, 1.104880690574646, 1.0969483852386475, 1.0985426902770996, 1.0767461061477661, 1.079480528831482, 1.0565263032913208, 1.0576547384262085, 1.0410374402999878, 1.0409554243087769], "accuracy": [0.08639458566904068, 0.18581350147724152, 0.22528746724128723, 0.2573480010032654, 0.2937856912612915, 0.32961758971214294, 0.3525887429714203, 0.3752776086330414, 0.3863540291786194, 0.3998485505580902, 0.4067608416080475, 0.41899487376213074, 0.42755281925201416, 0.43109074234962463, 0.4427914321422577, 0.4415406584739685, 0.4523318111896515, 0.45304715633392334, 0.4570781886577606, 0.4655684232711792, 0.46556994318962097, 0.47304442524909973, 0.4751574695110321, 0.48244544863700867, 0.4816085994243622, 0.48943400382995605, 0.48935699462890625, 0.49657103419303894, 0.5019561052322388, 0.502094030380249, 0.5125313401222229, 0.5122723579406738, 0.522381603717804, 0.5220087170600891, 0.528281033039093, 0.532701313495636, 0.5381803512573242, 0.5462989211082458, 0.5467292070388794, 0.5583011507987976, 0.5565775036811829, 0.5665087103843689, 0.5673381090164185, 0.5702145099639893, 0.5791950225830078, 0.5786151885986328, 0.5867971777915955, 0.588577926158905, 0.5954484343528748, 0.5948337316513062, 0.6015361547470093, 0.6017163395881653, 0.6077436208724976, 0.6123243570327759, 0.6113436818122864, 0.6213670372962952, 0.6198068261146545, 0.6272427439689636, 0.6264065504074097, 0.6297358274459839, 0.633318305015564, 0.6355974078178406, 0.6419968605041504, 0.6405079960823059, 0.6494734287261963, 0.646155834197998, 0.6534795165061951, 0.6536604762077332, 0.6541491150856018, 0.6617063283920288, 0.6597710847854614, 0.6671189069747925, 0.6670626401901245, 0.672856867313385, 0.6713874340057373, 0.6762998104095459, 0.6765239834785461, 0.6813613772392273, 0.6847721338272095, 0.6829251646995544, 0.6926551461219788, 0.6897107362747192, 0.6960144639015198, 0.6950003504753113, 0.6976619958877563, 0.7007479071617126, 0.7024167776107788, 0.7078432440757751, 0.7058904767036438, 0.714219331741333, 0.7103475332260132, 0.7168734669685364, 0.7170163989067078, 0.7174734473228455, 0.7232999205589294, 0.7217370271682739, 0.7285850644111633, 0.7270644903182983, 0.7329223155975342, 0.730937659740448]}