{"frequency_weighted_IU": 0.44463601196411134, "mean_IU": 0.1271223252363513, "class_wise_IU": [0.18695909261946997, 0.652512154950899, 0.20156177988578894, 0.5795653248399203, 0.3275705349208547, 0.03546024096385542, 0.002127081351715776, 0.11775322264670948, 0.3562816014850822, 0.29491743498338835, 0.04201223622658468, 0.0010365554052325855, 0.0, 0.0020755852221562665, 0.0, 0.035920685532084495, 0.0, 0.005297313408570538, 9.014856483484783e-05, 0.01985820805933119, 0.0028911677715746167, 0.0023896789327078143, 0.05753343266531808]}