{"loss": [3.670257568359375, 3.321903705596924, 3.052748441696167, 2.848214626312256, 2.698314905166626, 2.5846197605133057, 2.493913412094116, 2.4189610481262207, 2.363859176635742, 2.3114466667175293, 2.2617273330688477, 2.22884464263916, 2.1860735416412354, 2.157754421234131, 2.1310017108917236, 2.102084159851074, 2.079080820083618, 2.057076930999756, 2.0341806411743164, 2.0134360790252686, 1.9966663122177124, 1.9742807149887085, 1.9621394872665405, 1.9433852434158325, 1.9317675828933716, 1.9206089973449707, 1.8987501859664917, 1.8941713571548462, 1.8742740154266357, 1.868361473083496, 1.8541041612625122, 1.8440837860107422, 1.8339482545852661, 1.8269788026809692, 1.8223876953125, 1.8017317056655884, 1.8040196895599365, 1.7874510288238525, 1.782472848892212, 1.7774885892868042, 1.7696774005889893, 1.765813946723938, 1.7548296451568604, 1.751276969909668, 1.7419337034225464, 1.7407981157302856, 1.7281877994537354, 1.7280975580215454, 1.7203567028045654, 1.7190473079681396, 1.7179555892944336, 1.7011363506317139, 1.7076841592788696, 1.6934000253677368, 1.6968446969985962, 1.6875925064086914, 1.6852086782455444, 1.6811456680297852, 1.6788642406463623, 1.6812949180603027, 1.6633076667785645, 1.67243492603302, 1.6589869260787964, 1.6587682962417603, 1.6572272777557373, 1.6545915603637695, 1.654388666152954, 1.6448463201522827, 1.646373987197876, 1.6389118432998657, 1.6417474746704102, 1.6308856010437012, 1.6340265274047852, 1.628542184829712, 1.6304055452346802, 1.6313467025756836, 1.6157701015472412, 1.6251834630966187, 1.6120887994766235, 1.6183466911315918, 1.6100927591323853, 1.6100101470947266, 1.607345461845398, 1.6067572832107544, 1.610825538635254, 1.593795895576477, 1.6047964096069336, 1.5921448469161987, 1.5936094522476196, 1.5927845239639282, 1.5920557975769043, 1.5928468704223633, 1.583695411682129, 1.5869390964508057, 1.5801244974136353, 1.5842022895812988, 1.5739028453826904, 1.578296422958374, 1.5732840299606323, 1.5766373872756958], "accuracy": [0.04244675487279892, 0.15483683347702026, 0.26790130138397217, 0.3352312743663788, 0.3769940733909607, 0.40708258748054504, 0.4293321967124939, 0.44604602456092834, 0.45816731452941895, 0.468309223651886, 0.47710973024368286, 0.4839937686920166, 0.49017882347106934, 0.4949833154678345, 0.4986366927623749, 0.5036249160766602, 0.5063590407371521, 0.5097873210906982, 0.5142516493797302, 0.515769362449646, 0.5196896195411682, 0.5224084258079529, 0.524225652217865, 0.5265095829963684, 0.5296352505683899, 0.529304563999176, 0.5342202186584473, 0.5352606773376465, 0.536984384059906, 0.53904789686203, 0.5400677919387817, 0.5433012247085571, 0.5429921746253967, 0.5455225110054016, 0.544898271560669, 0.5490116477012634, 0.5497044920921326, 0.550300121307373, 0.5535434484481812, 0.5517271757125854, 0.5555391311645508, 0.5535745620727539, 0.5564765334129333, 0.557934582233429, 0.5578157901763916, 0.5599519610404968, 0.5602663159370422, 0.5617422461509705, 0.5609068274497986, 0.5635113716125488, 0.5610710978507996, 0.5656641125679016, 0.5653792023658752, 0.5658060312271118, 0.5669600963592529, 0.5665614604949951, 0.5695328116416931, 0.5673593878746033, 0.569717526435852, 0.5677828788757324, 0.5718304514884949, 0.5713341236114502, 0.5714697241783142, 0.5741183161735535, 0.5713382959365845, 0.5749034881591797, 0.5718687772750854, 0.574893593788147, 0.5752952694892883, 0.5754671096801758, 0.5766002535820007, 0.57667475938797, 0.5779576897621155, 0.5763499140739441, 0.5787384510040283, 0.5758187770843506, 0.5805138945579529, 0.5794671773910522, 0.5801038146018982, 0.5806702971458435, 0.5800136923789978, 0.5829039812088013, 0.580141007900238, 0.5825281739234924, 0.5801416039466858, 0.5843895673751831, 0.5833441019058228, 0.583533763885498, 0.5859496593475342, 0.5828798413276672, 0.586378276348114, 0.5829839110374451, 0.586146354675293, 0.5860236287117004, 0.586531937122345, 0.5872277021408081, 0.5871467590332031, 0.588494062423706, 0.586560845375061, 0.5888016223907471]}