{"frequency_weighted_IU": 0.6257325757041375, "mean_IU": 0.19511583094887236, "class_wise_IU": [0.1547635247980404, 0.8539375881273433, 0.1879559055348636, 0.7954623081446329, 0.5231766905259766, 0.08923216092932813, 0.0021232656036253967, 0.2456650795258839, 0.4733195742449839, 0.7186953101445458, 0.1652414884396991, 0.0005429449859357625, 0.0001965408805031446, 0.003923209295716834, 0.0037951807228915665, 0.007492977528089887, 0.00047908016608112417, 0.0067387994060398556, 0.003193471125698572, 0.10025867482049743, 0.01877087621996518, 0.005358974751573242, 0.12734048590214925]}