{"loss": [3.4884579181671143, 3.205747365951538, 3.0356624126434326, 2.898564100265503, 2.8113362789154053, 2.7274491786956787, 2.6622672080993652, 2.606027364730835, 2.55806827545166, 2.517019510269165, 2.4659855365753174, 2.44189715385437, 2.395223617553711, 2.3762946128845215, 2.344654083251953, 2.315812349319458, 2.291433334350586, 2.2636866569519043, 2.2443273067474365, 2.2155325412750244, 2.200626850128174, 2.1669328212738037, 2.15350341796875, 2.12382435798645, 2.106151819229126, 2.087310314178467, 2.0533978939056396, 2.043280601501465, 2.0116493701934814, 1.9987845420837402, 1.9718540906906128, 1.9521867036819458, 1.929358959197998, 1.9122475385665894, 1.8955223560333252, 1.862776756286621, 1.855241060256958, 1.8254050016403198, 1.8126401901245117, 1.7939958572387695, 1.7770681381225586, 1.7598801851272583, 1.7396595478057861, 1.724696397781372, 1.7060496807098389, 1.6951916217803955, 1.6722978353500366, 1.6651746034622192, 1.6444478034973145, 1.6345562934875488, 1.6249237060546875, 1.5966511964797974, 1.5949598550796509, 1.5718919038772583, 1.5668549537658691, 1.5497957468032837, 1.537420392036438, 1.5246937274932861, 1.5131772756576538, 1.5062060356140137, 1.4793570041656494, 1.479653000831604, 1.457229495048523, 1.4502278566360474, 1.4384764432907104, 1.4264874458312988, 1.4177533388137817, 1.3992303609848022, 1.3914110660552979, 1.374637484550476, 1.3696911334991455, 1.3496177196502686, 1.3456705808639526, 1.3298261165618896, 1.3205896615982056, 1.315665602684021, 1.2888067960739136, 1.290021300315857, 1.2680723667144775, 1.2662461996078491, 1.2508939504623413, 1.2398711442947388, 1.23110830783844, 1.218927264213562, 1.2158880233764648, 1.1902389526367188, 1.1923552751541138, 1.1719586849212646, 1.1675424575805664, 1.1572868824005127, 1.145953893661499, 1.1423786878585815, 1.1238669157028198, 1.1197843551635742, 1.1040304899215698, 1.1027790307998657, 1.0851346254348755, 1.0828191041946411, 1.0704543590545654, 1.0630611181259155], "accuracy": [0.07734385132789612, 0.19713829457759857, 0.24972879886627197, 0.2878932058811188, 0.312002956867218, 0.33548733592033386, 0.35486653447151184, 0.3699122667312622, 0.38289064168930054, 0.39467087388038635, 0.40657204389572144, 0.4146614968776703, 0.42474061250686646, 0.43116551637649536, 0.4373442530632019, 0.4462916851043701, 0.45110175013542175, 0.45682504773139954, 0.4637194275856018, 0.46724772453308105, 0.4724428653717041, 0.47760874032974243, 0.48158517479896545, 0.4857062101364136, 0.4916366934776306, 0.4942990839481354, 0.5014427900314331, 0.5059603452682495, 0.5098158717155457, 0.5149539113044739, 0.5187073945999146, 0.5254938006401062, 0.528549075126648, 0.5338106751441956, 0.5372447967529297, 0.5436647534370422, 0.5486849546432495, 0.5514177680015564, 0.5571616291999817, 0.5586268901824951, 0.5648672580718994, 0.5667803287506104, 0.5707292556762695, 0.5767390727996826, 0.5776005983352661, 0.5828312635421753, 0.5851661562919617, 0.588441014289856, 0.5910057425498962, 0.5954938530921936, 0.5959652662277222, 0.6020904779434204, 0.6054792404174805, 0.607001781463623, 0.6105783581733704, 0.6124247312545776, 0.617111086845398, 0.6181502342224121, 0.6222372651100159, 0.6233927011489868, 0.6287271976470947, 0.6315432190895081, 0.6333615183830261, 0.637509286403656, 0.6377518177032471, 0.6427676677703857, 0.6433387398719788, 0.6473860740661621, 0.6514350175857544, 0.6526960134506226, 0.6562101244926453, 0.6585568189620972, 0.6610018610954285, 0.6632350087165833, 0.6669224500656128, 0.6668643355369568, 0.672796905040741, 0.6747453212738037, 0.6772382855415344, 0.6793590784072876, 0.6814947724342346, 0.6854105591773987, 0.685875415802002, 0.6899624466896057, 0.6902226805686951, 0.6956007480621338, 0.6967328786849976, 0.6995840668678284, 0.7017596960067749, 0.7030155658721924, 0.7072798013687134, 0.7062870860099792, 0.7111688852310181, 0.7127612829208374, 0.7152717113494873, 0.7163617014884949, 0.7195947170257568, 0.7208278179168701, 0.7224645018577576, 0.7257760167121887]}