{"loss": [3.566622495651245, 3.1873395442962646, 2.9273643493652344, 2.7308437824249268, 2.6073732376098633, 2.501727819442749, 2.4221620559692383, 2.3553454875946045, 2.3040716648101807, 2.25882887840271, 2.2077183723449707, 2.1821932792663574, 2.137563943862915, 2.11622953414917, 2.0881011486053467, 2.0612008571624756, 2.0414106845855713, 2.0181386470794678, 2.0005240440368652, 1.977398157119751, 1.9667439460754395, 1.9426038265228271, 1.9342646598815918, 1.916350245475769, 1.9056705236434937, 1.8976795673370361, 1.8742234706878662, 1.8743048906326294, 1.8525751829147339, 1.8517497777938843, 1.8356208801269531, 1.827890157699585, 1.819261074066162, 1.8120909929275513, 1.8105661869049072, 1.7875189781188965, 1.7939894199371338, 1.7751065492630005, 1.7733832597732544, 1.767399549484253, 1.7602883577346802, 1.7579963207244873, 1.7456670999526978, 1.745124101638794, 1.7331777811050415, 1.7352025508880615, 1.720970630645752, 1.7223314046859741, 1.7146494388580322, 1.7128057479858398, 1.7136238813400269, 1.6948646306991577, 1.7038289308547974, 1.6875582933425903, 1.6933715343475342, 1.682822823524475, 1.6805073022842407, 1.6775670051574707, 1.6742711067199707, 1.6786434650421143, 1.6582965850830078, 1.6699455976486206, 1.6544731855392456, 1.6557687520980835, 1.6536649465560913, 1.650675892829895, 1.6516838073730469, 1.6408755779266357, 1.644242525100708, 1.6347765922546387, 1.639319658279419, 1.6275088787078857, 1.6309289932250977, 1.625817060470581, 1.626699686050415, 1.6292747259140015, 1.612026572227478, 1.6230266094207764, 1.608507513999939, 1.616040825843811, 1.6072880029678345, 1.6063889265060425, 1.6051485538482666, 1.603292465209961, 1.6090245246887207, 1.5900628566741943, 1.602832317352295, 1.5888030529022217, 1.5909006595611572, 1.5901395082473755, 1.5885194540023804, 1.5906083583831787, 1.580286979675293, 1.58492112159729, 1.5766500234603882, 1.5817039012908936, 1.5710598230361938, 1.5750311613082886, 1.570817232131958, 1.5729255676269531], "accuracy": [0.05388559401035309, 0.1948591023683548, 0.29435279965400696, 0.35487329959869385, 0.39351168274879456, 0.421202152967453, 0.4423065483570099, 0.45642632246017456, 0.4681454598903656, 0.4757327437400818, 0.48481082916259766, 0.48984524607658386, 0.4956692159175873, 0.5000684857368469, 0.5029280185699463, 0.5089890956878662, 0.5096288323402405, 0.514286994934082, 0.5176567435264587, 0.5200493335723877, 0.5229499936103821, 0.5256500244140625, 0.5277588963508606, 0.5290021896362305, 0.5329993963241577, 0.531479001045227, 0.5372938513755798, 0.5373213887214661, 0.5394191145896912, 0.5407233834266663, 0.5417064428329468, 0.5453226566314697, 0.5441778302192688, 0.5472261905670166, 0.5456590056419373, 0.5507955551147461, 0.5503376722335815, 0.5516400337219238, 0.5542523264884949, 0.5526484251022339, 0.5568667054176331, 0.5542585253715515, 0.5578821897506714, 0.558452844619751, 0.5594630837440491, 0.5607224702835083, 0.5614147186279297, 0.5629532933235168, 0.561988890171051, 0.5650686621665955, 0.561858057975769, 0.5673290491104126, 0.5661115646362305, 0.5673015117645264, 0.5679097771644592, 0.5676742792129517, 0.5709335207939148, 0.5682821869850159, 0.5711894631385803, 0.5683788061141968, 0.5732907652854919, 0.5720193386077881, 0.572554886341095, 0.5750325322151184, 0.5722384452819824, 0.5761309266090393, 0.5725475549697876, 0.5761228203773499, 0.5758256316184998, 0.5766114592552185, 0.5773171782493591, 0.5774152874946594, 0.5788522362709045, 0.5769736766815186, 0.5798143148422241, 0.5761721134185791, 0.581507682800293, 0.5798866152763367, 0.5808925628662109, 0.5812847018241882, 0.5805410742759705, 0.583817720413208, 0.5805347561836243, 0.5835074782371521, 0.5804088711738586, 0.5852706432342529, 0.5837616920471191, 0.5841109156608582, 0.5865328311920166, 0.5833821892738342, 0.5872002243995667, 0.5833210945129395, 0.5869507789611816, 0.5863438248634338, 0.5872424840927124, 0.5877231359481812, 0.5876314043998718, 0.5891324281692505, 0.5869500041007996, 0.5897291898727417]}