{"frequency_weighted_IU": 0.44726078356304555, "mean_IU": 0.13461217058129582, "class_wise_IU": [0.25115756898878494, 0.6555418077922364, 0.19582713163060217, 0.5809934609351073, 0.33127043609372187, 0.04436125660188488, 0.002555564981336953, 0.2090898787260569, 0.3607244268192703, 0.29122153724946215, 0.021313662885533824, 0.00033981760810014214, 0.0014318757572419868, 0.003296792592277302, 0.0, 0.038603231408873215, 0.0, 0.0023400973062774415, 0.0011785299571916324, 0.034368625161845204, 0.0054755460635992625, 0.0038879776441285464, 0.06110069716627094]}